{
  "id": "1774460",
  "name": "Pacs_平台运营",
  "font_family": "iconfont",
  "css_prefix_text": "icon",
  "description": "",
  "glyphs": [
    {
      "icon_id": "10143413",
      "name": "提示",
      "font_class": "tishi2",
      "unicode": "e61a",
      "unicode_decimal": 58906
    },
    {
      "icon_id": "32583991",
      "name": "批量移动",
      "font_class": "piliangyidong",
      "unicode": "e879",
      "unicode_decimal": 59513
    },
    {
      "icon_id": "45382358",
      "name": "角标识(右上)",
      "font_class": "a-jiaobiaoshiyoushang",
      "unicode": "ea84",
      "unicode_decimal": 60036
    },
    {
      "icon_id": "15759482",
      "name": "拖动",
      "font_class": "tuodong",
      "unicode": "e611",
      "unicode_decimal": 58897
    },
    {
      "icon_id": "7421897",
      "name": "聊天",
      "font_class": "liaotian",
      "unicode": "ea09",
      "unicode_decimal": 59913
    },
    {
      "icon_id": "44078417",
      "name": "切换租户",
      "font_class": "qiehuanzuhu",
      "unicode": "ea44",
      "unicode_decimal": 59972
    },
    {
      "icon_id": "43682380",
      "name": "导出管理",
      "font_class": "daochuguanli",
      "unicode": "ea34",
      "unicode_decimal": 59956
    },
    {
      "icon_id": "43404742",
      "name": "分类平铺模式",
      "font_class": "fenleipingpumoshi",
      "unicode": "ea14",
      "unicode_decimal": 59924
    },
    {
      "icon_id": "43404743",
      "name": "经凑模式",
      "font_class": "jingcoumoshi",
      "unicode": "ea15",
      "unicode_decimal": 59925
    },
    {
      "icon_id": "42337147",
      "name": "科室教学",
      "font_class": "keshijiaoxue",
      "unicode": "e9e9",
      "unicode_decimal": 59881
    },
    {
      "icon_id": "42334031",
      "name": "关于系统信息",
      "font_class": "guanyuxitongxinxi",
      "unicode": "e9e7",
      "unicode_decimal": 59879
    },
    {
      "icon_id": "41313837",
      "name": "菜单栏_用户架构",
      "font_class": "caidanlan_yonghujiagou",
      "unicode": "e9aa5",
      "unicode_decimal": 957093
    },
    {
      "icon_id": "34754652",
      "name": "更多操作",
      "font_class": "gengduocaozuo1",
      "unicode": "e8b61",
      "unicode_decimal": 953185
    },
    {
      "icon_id": "41126207",
      "name": "角标识",
      "font_class": "jiaobiaoshi",
      "unicode": "e9a6",
      "unicode_decimal": 59814
    },
    {
      "icon_id": "40038021",
      "name": "在线文档",
      "font_class": "zaixianwendang",
      "unicode": "e981",
      "unicode_decimal": 59777
    },
    {
      "icon_id": "39634123",
      "name": "隐藏",
      "font_class": "yincang",
      "unicode": "e8ab",
      "unicode_decimal": 59563
    },
    {
      "icon_id": "39634122",
      "name": "查看",
      "font_class": "chakan1",
      "unicode": "e8ac",
      "unicode_decimal": 59564
    },
    {
      "icon_id": "39226604",
      "name": "软件包图标",
      "font_class": "ruanjianbaotubiao",
      "unicode": "e963",
      "unicode_decimal": 59747
    },
    {
      "icon_id": "38418762",
      "name": "标题_业务科室",
      "font_class": "biaoti_yewukeshi",
      "unicode": "e8ff",
      "unicode_decimal": 59647
    },
    {
      "icon_id": "38418763",
      "name": "标题_集成服务",
      "font_class": "biaoti_jichengfuwu",
      "unicode": "e900",
      "unicode_decimal": 59648
    },
    {
      "icon_id": "38418764",
      "name": "标题_应用系统",
      "font_class": "biaoti_yingyongxitong",
      "unicode": "e901",
      "unicode_decimal": 59649
    },
    {
      "icon_id": "37579485",
      "name": "策略删除文档",
      "font_class": "celveshanchuwendang",
      "unicode": "e862",
      "unicode_decimal": 59490
    },
    {
      "icon_id": "37579484",
      "name": "文档总数",
      "font_class": "wendangzongshu1",
      "unicode": "e867",
      "unicode_decimal": 59495
    },
    {
      "icon_id": "37579483",
      "name": "近线文档",
      "font_class": "jinxianwendang",
      "unicode": "e86a",
      "unicode_decimal": 59498
    },
    {
      "icon_id": "37579482",
      "name": "标记删除文档",
      "font_class": "biaojishanchuwendang",
      "unicode": "e86b",
      "unicode_decimal": 59499
    },
    {
      "icon_id": "16932417",
      "name": "删除_新",
      "font_class": "shanchu_xin1",
      "unicode": "e6b4",
      "unicode_decimal": 59060
    },
    {
      "icon_id": "18045663",
      "name": "编辑",
      "font_class": "bianji1",
      "unicode": "eb65",
      "unicode_decimal": 60261
    },
    {
      "icon_id": "23847628",
      "name": "随访（新）",
      "font_class": "a-suifangxin",
      "unicode": "e739",
      "unicode_decimal": 59193
    },
    {
      "icon_id": "15771547",
      "name": "保存",
      "font_class": "baocun",
      "unicode": "e619",
      "unicode_decimal": 58905
    },
    {
      "icon_id": "3661488",
      "name": "提交教学",
      "font_class": "tijiaojiaoxue",
      "unicode": "e7d0",
      "unicode_decimal": 59344
    },
    {
      "icon_id": "34755405",
      "name": "切换",
      "font_class": "qiehuan1",
      "unicode": "e8b6",
      "unicode_decimal": 59574
    },
    {
      "icon_id": "34239876",
      "name": "到期通知",
      "font_class": "daoqitongzhi",
      "unicode": "e8a6",
      "unicode_decimal": 59558
    },
    {
      "icon_id": "33838687",
      "name": "存档",
      "font_class": "cundang",
      "unicode": "e89c",
      "unicode_decimal": 59548
    },
    {
      "icon_id": "18480256",
      "name": "心动脉",
      "font_class": "xindongmai",
      "unicode": "e702",
      "unicode_decimal": 59138
    },
    {
      "icon_id": "32081601",
      "name": "全屏",
      "font_class": "quanping",
      "unicode": "e86d",
      "unicode_decimal": 59501
    },
    {
      "icon_id": "20031912",
      "name": "筛选",
      "font_class": "shaixuan",
      "unicode": "ebb0",
      "unicode_decimal": 60336
    },
    {
      "icon_id": "31850328",
      "name": "存储容量",
      "font_class": "cunchurongliang",
      "unicode": "e864",
      "unicode_decimal": 59492
    },
    {
      "icon_id": "31850329",
      "name": "业务趋势",
      "font_class": "yewuqushi",
      "unicode": "e865",
      "unicode_decimal": 59493
    },
    {
      "icon_id": "31850330",
      "name": "业务进度",
      "font_class": "yewujindu",
      "unicode": "e866",
      "unicode_decimal": 59494
    },
    {
      "icon_id": "31850327",
      "name": "便捷导航",
      "font_class": "bianjiedaohang",
      "unicode": "e863",
      "unicode_decimal": 59491
    },
    {
      "icon_id": "31850837",
      "name": "今日登录数量",
      "font_class": "jinridenglushuliang",
      "unicode": "e868",
      "unicode_decimal": 59496
    },
    {
      "icon_id": "31850838",
      "name": "今日提供业务",
      "font_class": "jinritigongyewu",
      "unicode": "e869",
      "unicode_decimal": 59497
    },
    {
      "icon_id": "31253867",
      "name": "升级预览",
      "font_class": "shengjiyulan",
      "unicode": "e850",
      "unicode_decimal": 59472
    },
    {
      "icon_id": "31253868",
      "name": "批量更新",
      "font_class": "pilianggengxin",
      "unicode": "e851",
      "unicode_decimal": 59473
    },
    {
      "icon_id": "31134169",
      "name": "关于系统",
      "font_class": "guanyuxitong",
      "unicode": "e84e",
      "unicode_decimal": 59470
    },
    {
      "icon_id": "27776092",
      "name": "已锁定",
      "font_class": "yisuoding",
      "unicode": "e7e9",
      "unicode_decimal": 59369
    },
    {
      "icon_id": "20764012",
      "name": "双箭头-右",
      "font_class": "shuangjiantou-you",
      "unicode": "e676",
      "unicode_decimal": 58998
    },
    {
      "icon_id": "30125627",
      "name": "消息通知",
      "font_class": "xiaoxitongzhi",
      "unicode": "e82c",
      "unicode_decimal": 59436
    },
    {
      "icon_id": "3240892",
      "name": "系统消息",
      "font_class": "xitongxiaoxi",
      "unicode": "e76e",
      "unicode_decimal": 59246
    },
    {
      "icon_id": "30087594",
      "name": "首页",
      "font_class": "shouye",
      "unicode": "e82b",
      "unicode_decimal": 59435
    },
    {
      "icon_id": "20764013",
      "name": "双箭头-上",
      "font_class": "shuangjiantou-shang",
      "unicode": "e674",
      "unicode_decimal": 58996
    },
    {
      "icon_id": "20764014",
      "name": "双箭头-下",
      "font_class": "shuangjiantou-xia",
      "unicode": "e675",
      "unicode_decimal": 58997
    },
    {
      "icon_id": "29849978",
      "name": "日历",
      "font_class": "rili",
      "unicode": "e823",
      "unicode_decimal": 59427
    },
    {
      "icon_id": "29789732",
      "name": "置顶",
      "font_class": "zhiding",
      "unicode": "e822",
      "unicode_decimal": 59426
    },
    {
      "icon_id": "28585637",
      "name": "合作机构",
      "font_class": "hezuojigou",
      "unicode": "e80f",
      "unicode_decimal": 59407
    },
    {
      "icon_id": "28585638",
      "name": "机构名称",
      "font_class": "jigoumingcheng1",
      "unicode": "e810",
      "unicode_decimal": 59408
    },
    {
      "icon_id": "7739208",
      "name": "公众号管理",
      "font_class": "gongzhonghaoguanli",
      "unicode": "e6b9",
      "unicode_decimal": 59065
    },
    {
      "icon_id": "27857863",
      "name": "标题_远程培训量趋势",
      "font_class": "biaoti_yuanchengpeixunliangqushi",
      "unicode": "e7f4",
      "unicode_decimal": 59380
    },
    {
      "icon_id": "27857864",
      "name": "标题_远程培训概览",
      "font_class": "biaoti_yuanchengpeixungailan",
      "unicode": "e7f5",
      "unicode_decimal": 59381
    },
    {
      "icon_id": "27857855",
      "name": "标题_线上转诊概览",
      "font_class": "biaoti_xianshangzhuanzhengailan",
      "unicode": "e7f2",
      "unicode_decimal": 59378
    },
    {
      "icon_id": "27857856",
      "name": "标题_线上转诊量趋势",
      "font_class": "biaoti_xianshangzhuanzhenliangqushi",
      "unicode": "e7f3",
      "unicode_decimal": 59379
    },
    {
      "icon_id": "27857819",
      "name": "标题_远程查房概览",
      "font_class": "biaoti_yuanchengchafanggailan",
      "unicode": "e7f0",
      "unicode_decimal": 59376
    },
    {
      "icon_id": "27857820",
      "name": "标题_远程查房量趋势",
      "font_class": "biaoti_yuanchengchafangliangqushi",
      "unicode": "e7f1",
      "unicode_decimal": 59377
    },
    {
      "icon_id": "27857793",
      "name": "标题_远程会诊概览",
      "font_class": "biaoti_yuanchenghuizhengailan",
      "unicode": "e7ee",
      "unicode_decimal": 59374
    },
    {
      "icon_id": "27857794",
      "name": "标题_远程会诊趋势",
      "font_class": "biaoti_yuanchenghuizhenqushi",
      "unicode": "e7ef",
      "unicode_decimal": 59375
    },
    {
      "icon_id": "27857771",
      "name": "标题_远程诊断概览",
      "font_class": "biaoti_yuanchengzhenduangailan",
      "unicode": "e7ec",
      "unicode_decimal": 59372
    },
    {
      "icon_id": "27857772",
      "name": "标题_远程诊断量趋势",
      "font_class": "biaoti_yuanchengzhenduanliangqushi",
      "unicode": "e7ed",
      "unicode_decimal": 59373
    },
    {
      "icon_id": "27758763",
      "name": "隐私屏保",
      "font_class": "yinsipingbao",
      "unicode": "e7e8",
      "unicode_decimal": 59368
    },
    {
      "icon_id": "27624078",
      "name": "移动数字证书",
      "font_class": "yidongshuzizhengshu",
      "unicode": "e7e0",
      "unicode_decimal": 59360
    },
    {
      "icon_id": "27624080",
      "name": "U-Key",
      "font_class": "U-Key",
      "unicode": "e7e1",
      "unicode_decimal": 59361
    },
    {
      "icon_id": "11694961",
      "name": "账号管理-fill",
      "font_class": "zhanghaoguanli",
      "unicode": "e682",
      "unicode_decimal": 59010
    },
    {
      "icon_id": "16792683",
      "name": "退出",
      "font_class": "tuichu",
      "unicode": "e6ba",
      "unicode_decimal": 59066
    },
    {
      "icon_id": "26553593",
      "name": "数据监测",
      "font_class": "shujujiance",
      "unicode": "e7c6",
      "unicode_decimal": 59334
    },
    {
      "icon_id": "26489010",
      "name": "视频",
      "font_class": "shipin",
      "unicode": "e7c2",
      "unicode_decimal": 59330
    },
    {
      "icon_id": "26488797",
      "name": "其他",
      "font_class": "qita",
      "unicode": "e7bd",
      "unicode_decimal": 59325
    },
    {
      "icon_id": "26488798",
      "name": "影像",
      "font_class": "yingxiang",
      "unicode": "e7be",
      "unicode_decimal": 59326
    },
    {
      "icon_id": "26488799",
      "name": "病理",
      "font_class": "bingli",
      "unicode": "e7bf",
      "unicode_decimal": 59327
    },
    {
      "icon_id": "26488800",
      "name": "心电波形",
      "font_class": "xindianboxing",
      "unicode": "e7c0",
      "unicode_decimal": 59328
    },
    {
      "icon_id": "26488801",
      "name": "图片",
      "font_class": "tupian",
      "unicode": "e7c1",
      "unicode_decimal": 59329
    },
    {
      "icon_id": "26359112",
      "name": "U-key",
      "font_class": "U-key",
      "unicode": "e7ba",
      "unicode_decimal": 59322
    },
    {
      "icon_id": "26355394",
      "name": "CA绑定",
      "font_class": "CAbangding",
      "unicode": "e7b9",
      "unicode_decimal": 59321
    },
    {
      "icon_id": "26167519",
      "name": "标记删除",
      "font_class": "biaojishanchu",
      "unicode": "e7b5",
      "unicode_decimal": 59317
    },
    {
      "icon_id": "26167520",
      "name": "文档总数",
      "font_class": "wendangzongshu",
      "unicode": "e7b6",
      "unicode_decimal": 59318
    },
    {
      "icon_id": "25879178",
      "name": "右双箭头",
      "font_class": "youshuangjiantou",
      "unicode": "e7b1",
      "unicode_decimal": 59313
    },
    {
      "icon_id": "7253972",
      "name": "精简查询",
      "font_class": "jingjianchaxun",
      "unicode": "e9f0",
      "unicode_decimal": 59888
    },
    {
      "icon_id": "24661137",
      "name": "手机绑定",
      "font_class": "shoujibangding",
      "unicode": "e7977",
      "unicode_decimal": 948599
    },
    {
      "icon_id": "24661138",
      "name": "注销账户",
      "font_class": "zhuxiaozhanghu",
      "unicode": "e7987",
      "unicode_decimal": 948615
    },
    {
      "icon_id": "24661139",
      "name": "联系邮箱",
      "font_class": "lianxiyouxiang",
      "unicode": "e7997",
      "unicode_decimal": 948631
    },
    {
      "icon_id": "24661140",
      "name": "登陆密码",
      "font_class": "denglumima",
      "unicode": "e79a7",
      "unicode_decimal": 948647
    },
    {
      "icon_id": "782377",
      "name": "客服",
      "font_class": "kefu1",
      "unicode": "e6740",
      "unicode_decimal": 943936
    },
    {
      "icon_id": "23830167",
      "name": "上传",
      "font_class": "shangchuan",
      "unicode": "e77f",
      "unicode_decimal": 59263
    },
    {
      "icon_id": "23285493",
      "name": "进入大屏",
      "font_class": "jinrudaping",
      "unicode": "e76d",
      "unicode_decimal": 59245
    },
    {
      "icon_id": "23065601",
      "name": "标题_运维人员",
      "font_class": "biaoti_yunweirenyuan",
      "unicode": "e76a",
      "unicode_decimal": 59242
    },
    {
      "icon_id": "23065602",
      "name": "标题_运行监控",
      "font_class": "biaoti_yunhangjiankong",
      "unicode": "e76b",
      "unicode_decimal": 59243
    },
    {
      "icon_id": "23065603",
      "name": "标题_客户",
      "font_class": "biaoti_kehu",
      "unicode": "e76c",
      "unicode_decimal": 59244
    },
    {
      "icon_id": "23053452",
      "name": "申请授权",
      "font_class": "shenqingshouquan",
      "unicode": "e769",
      "unicode_decimal": 59241
    },
    {
      "icon_id": "23053302",
      "name": "暂未授权",
      "font_class": "zanweishouquan",
      "unicode": "e766",
      "unicode_decimal": 59238
    },
    {
      "icon_id": "23053303",
      "name": "等待授权",
      "font_class": "dengdaishouquan",
      "unicode": "e767",
      "unicode_decimal": 59239
    },
    {
      "icon_id": "23053304",
      "name": "授权成功",
      "font_class": "shouquanchenggong",
      "unicode": "e768",
      "unicode_decimal": 59240
    },
    {
      "icon_id": "23051823",
      "name": "标题_数据存储",
      "font_class": "biaoti_shujucunchu",
      "unicode": "e75e",
      "unicode_decimal": 59230
    },
    {
      "icon_id": "23051824",
      "name": "标题_云PACS",
      "font_class": "biaoti_yunPACS",
      "unicode": "e75f",
      "unicode_decimal": 59231
    },
    {
      "icon_id": "23051825",
      "name": "标题_影像共享",
      "font_class": "biaoti_yingxianggongxiang",
      "unicode": "e760",
      "unicode_decimal": 59232
    },
    {
      "icon_id": "23051826",
      "name": "标题_工单跟踪",
      "font_class": "biaoti_gongdangenzong",
      "unicode": "e761",
      "unicode_decimal": 59233
    },
    {
      "icon_id": "23051827",
      "name": "标题_医务人员",
      "font_class": "biaoti_yiwurenyuan",
      "unicode": "e762",
      "unicode_decimal": 59234
    },
    {
      "icon_id": "23051828",
      "name": "标题_数据大屏",
      "font_class": "biaoti_shujudaping",
      "unicode": "e763",
      "unicode_decimal": 59235
    },
    {
      "icon_id": "23051829",
      "name": "标题_服务中心",
      "font_class": "biaoti_fuwuzhongxin",
      "unicode": "e764",
      "unicode_decimal": 59236
    },
    {
      "icon_id": "23051830",
      "name": "标题_医疗设备",
      "font_class": "biaoti_yiliaoshebei",
      "unicode": "e765",
      "unicode_decimal": 59237
    },
    {
      "icon_id": "23049204",
      "name": "标题_医疗机构",
      "font_class": "biaoti_yiliaojigou",
      "unicode": "e75d",
      "unicode_decimal": 59229
    },
    {
      "icon_id": "7253973",
      "name": "刷新",
      "font_class": "shuaxin1",
      "unicode": "e9f1",
      "unicode_decimal": 59889
    },
    {
      "icon_id": "1130909",
      "name": "提示",
      "font_class": "tishi1",
      "unicode": "e720",
      "unicode_decimal": 59168
    },
    {
      "icon_id": "18045665",
      "name": "新增课件",
      "font_class": "xinzengkejian",
      "unicode": "eb67",
      "unicode_decimal": 60263
    },
    {
      "icon_id": "22153596",
      "name": "厂商名称",
      "font_class": "changshangmingcheng",
      "unicode": "e736",
      "unicode_decimal": 59190
    },
    {
      "icon_id": "13583966",
      "name": "缩小",
      "font_class": "suoxiao",
      "unicode": "e615",
      "unicode_decimal": 58901
    },
    {
      "icon_id": "13583967",
      "name": "放大",
      "font_class": "fangda",
      "unicode": "e616",
      "unicode_decimal": 58902
    },
    {
      "icon_id": "13583968",
      "name": "向左旋转",
      "font_class": "xiangzuoxuanzhuan",
      "unicode": "e617",
      "unicode_decimal": 58903
    },
    {
      "icon_id": "13583969",
      "name": "向右旋转",
      "font_class": "xiangyouxuanzhuan",
      "unicode": "e618",
      "unicode_decimal": 58904
    },
    {
      "icon_id": "20028400",
      "name": "上一步",
      "font_class": "shangyibu",
      "unicode": "e70a7",
      "unicode_decimal": 946343
    },
    {
      "icon_id": "20028401",
      "name": "下一步",
      "font_class": "xiayibu",
      "unicode": "e70be",
      "unicode_decimal": 946366
    },
    {
      "icon_id": "19818468",
      "name": "上一个",
      "font_class": "shangyige",
      "unicode": "e6fd",
      "unicode_decimal": 59133
    },
    {
      "icon_id": "19818469",
      "name": "下一个",
      "font_class": "xiayige",
      "unicode": "e6ff",
      "unicode_decimal": 59135
    },
    {
      "icon_id": "19818470",
      "name": "关联",
      "font_class": "guanlian",
      "unicode": "e700",
      "unicode_decimal": 59136
    },
    {
      "icon_id": "19818471",
      "name": "休息日",
      "font_class": "xiuxiri",
      "unicode": "e701",
      "unicode_decimal": 59137
    },
    {
      "icon_id": "19368421",
      "name": "省级",
      "font_class": "shengji",
      "unicode": "e6fe",
      "unicode_decimal": 59134
    },
    {
      "icon_id": "12773107",
      "name": "未选中-01",
      "font_class": "weixuanzhong-",
      "unicode": "eb22",
      "unicode_decimal": 60194
    },
    {
      "icon_id": "12773108",
      "name": "选中-01",
      "font_class": "xuanzhong-",
      "unicode": "eb23",
      "unicode_decimal": 60195
    },
    {
      "icon_id": "19059185",
      "name": "菜单栏_智能诊断",
      "font_class": "caidanlan_zhinengzhenduan",
      "unicode": "e6fc",
      "unicode_decimal": 59132
    },
    {
      "icon_id": "18976018",
      "name": "AI_其他服务",
      "font_class": "AI_qitafuwu1",
      "unicode": "e6fb",
      "unicode_decimal": 59131
    },
    {
      "icon_id": "18975972",
      "name": "AI_不分类",
      "font_class": "AI_bufenlei",
      "unicode": "e6f8",
      "unicode_decimal": 59128
    },
    {
      "icon_id": "18975973",
      "name": "AI_内镜",
      "font_class": "AI_neijing",
      "unicode": "e6fa",
      "unicode_decimal": 59130
    },
    {
      "icon_id": "18952281",
      "name": "列表_新增",
      "font_class": "liebiao_xinzeng",
      "unicode": "e6f9",
      "unicode_decimal": 59129
    },
    {
      "icon_id": "18915083",
      "name": "AI客户",
      "font_class": "AIkehu",
      "unicode": "e6e2",
      "unicode_decimal": 59106
    },
    {
      "icon_id": "18915084",
      "name": "AI服务",
      "font_class": "AIfuwu",
      "unicode": "e6e3",
      "unicode_decimal": 59107
    },
    {
      "icon_id": "18915085",
      "name": "检测检查量",
      "font_class": "jiancejianchaliang",
      "unicode": "e6e4",
      "unicode_decimal": 59108
    },
    {
      "icon_id": "18915086",
      "name": "AI服务机构",
      "font_class": "AIfuwujigou",
      "unicode": "e6e5",
      "unicode_decimal": 59109
    },
    {
      "icon_id": "18922030",
      "name": "AI厂商",
      "font_class": "AIchangshang",
      "unicode": "e6e6",
      "unicode_decimal": 59110
    },
    {
      "icon_id": "18928496",
      "name": "AI_报告纠错",
      "font_class": "AI_baogaojiucuo",
      "unicode": "e6e9",
      "unicode_decimal": 59113
    },
    {
      "icon_id": "18928497",
      "name": "AI_肠镜",
      "font_class": "AI_changjing",
      "unicode": "e6ea",
      "unicode_decimal": 59114
    },
    {
      "icon_id": "18928498",
      "name": "AI_CT",
      "font_class": "AI_CT",
      "unicode": "e6eb",
      "unicode_decimal": 59115
    },
    {
      "icon_id": "18928499",
      "name": "AI_骨龄",
      "font_class": "AI_guling",
      "unicode": "e6ec",
      "unicode_decimal": 59116
    },
    {
      "icon_id": "18928500",
      "name": "AI_影像服务",
      "font_class": "AI_yingxiangfuwu",
      "unicode": "e6ed",
      "unicode_decimal": 59117
    },
    {
      "icon_id": "18928501",
      "name": "AI_骨折",
      "font_class": "AI_guzhe",
      "unicode": "e6ee",
      "unicode_decimal": 59118
    },
    {
      "icon_id": "18928502",
      "name": "AI_其他服务",
      "font_class": "AI_qitafuwu",
      "unicode": "e6ef",
      "unicode_decimal": 59119
    },
    {
      "icon_id": "18928503",
      "name": "AI_乳腺癌",
      "font_class": "AI_ruxianai",
      "unicode": "e6f0",
      "unicode_decimal": 59120
    },
    {
      "icon_id": "18928504",
      "name": "AI_气胸",
      "font_class": "AI_qixiong",
      "unicode": "e6f1",
      "unicode_decimal": 59121
    },
    {
      "icon_id": "18928505",
      "name": "AI_食道癌",
      "font_class": "AI_shidaoai",
      "unicode": "e6f2",
      "unicode_decimal": 59122
    },
    {
      "icon_id": "18928506",
      "name": "AI_眼底",
      "font_class": "AI_yandi",
      "unicode": "e6f3",
      "unicode_decimal": 59123
    },
    {
      "icon_id": "18928507",
      "name": "AI_心电",
      "font_class": "AI_xindian",
      "unicode": "e6f4",
      "unicode_decimal": 59124
    },
    {
      "icon_id": "18928508",
      "name": "AI_新冠肺炎",
      "font_class": "AI_xinguanfeiyan",
      "unicode": "e6f5",
      "unicode_decimal": 59125
    },
    {
      "icon_id": "18928509",
      "name": "AI_肺结节",
      "font_class": "AI_feijiejie",
      "unicode": "e6f6",
      "unicode_decimal": 59126
    },
    {
      "icon_id": "18928875",
      "name": "AI_脑卒中",
      "font_class": "AI_naozuzhong",
      "unicode": "e6f7",
      "unicode_decimal": 59127
    },
    {
      "icon_id": "18045127",
      "name": "列表_API",
      "font_class": "liebiao_API",
      "unicode": "e6ce",
      "unicode_decimal": 59086
    },
    {
      "icon_id": "17865124",
      "name": "列表—审核",
      "font_class": "liebiaoshenhe",
      "unicode": "e6c8",
      "unicode_decimal": 59080
    },
    {
      "icon_id": "15691003",
      "name": "用户管理",
      "font_class": "yonghuguanli",
      "unicode": "e673",
      "unicode_decimal": 58995
    },
    {
      "icon_id": "15280750",
      "name": "统计",
      "font_class": "icon_one",
      "unicode": "e672",
      "unicode_decimal": 58994
    },
    {
      "icon_id": "15266976",
      "name": "评级",
      "font_class": "pingji",
      "unicode": "e66b",
      "unicode_decimal": 58987
    },
    {
      "icon_id": "15266977",
      "name": "平台设置",
      "font_class": "pingtaishezhi",
      "unicode": "e66c",
      "unicode_decimal": 58988
    },
    {
      "icon_id": "15266978",
      "name": "用户评价",
      "font_class": "yonghupingjia",
      "unicode": "e66d",
      "unicode_decimal": 58989
    },
    {
      "icon_id": "15266979",
      "name": "权限配置",
      "font_class": "quanxianpeizhi",
      "unicode": "e66e",
      "unicode_decimal": 58990
    },
    {
      "icon_id": "15266980",
      "name": "导出",
      "font_class": "daochu",
      "unicode": "e66f",
      "unicode_decimal": 58991
    },
    {
      "icon_id": "15266981",
      "name": "合作签约",
      "font_class": "hezuoqianyue",
      "unicode": "e670",
      "unicode_decimal": 58992
    },
    {
      "icon_id": "15266982",
      "name": "打印",
      "font_class": "dayin",
      "unicode": "e671",
      "unicode_decimal": 58993
    },
    {
      "icon_id": "15205860",
      "name": "启用",
      "font_class": "qiyong",
      "unicode": "e668",
      "unicode_decimal": 58984
    },
    {
      "icon_id": "15205861",
      "name": "停用",
      "font_class": "tingyong",
      "unicode": "e66a",
      "unicode_decimal": 58986
    },
    {
      "icon_id": "15123593",
      "name": "综合设置",
      "font_class": "zongheshezhi",
      "unicode": "e667",
      "unicode_decimal": 58983
    },
    {
      "icon_id": "14990326",
      "name": "添加",
      "font_class": "tianjia",
      "unicode": "e665",
      "unicode_decimal": 58981
    },
    {
      "icon_id": "14990327",
      "name": "公告",
      "font_class": "gonggao",
      "unicode": "e666",
      "unicode_decimal": 58982
    },
    {
      "icon_id": "14989690",
      "name": "切换",
      "font_class": "qiehuan",
      "unicode": "e664",
      "unicode_decimal": 58980
    },
    {
      "icon_id": "14989515",
      "name": "复制",
      "font_class": "fuzhi",
      "unicode": "e65f",
      "unicode_decimal": 58975
    },
    {
      "icon_id": "14989516",
      "name": "未发布",
      "font_class": "weifabu",
      "unicode": "e660",
      "unicode_decimal": 58976
    },
    {
      "icon_id": "14989517",
      "name": "编辑2",
      "font_class": "bianji2",
      "unicode": "e661",
      "unicode_decimal": 58977
    },
    {
      "icon_id": "14989518",
      "name": "已发布",
      "font_class": "yifabu",
      "unicode": "e662",
      "unicode_decimal": 58978
    },
    {
      "icon_id": "14989519",
      "name": "发布",
      "font_class": "fabu",
      "unicode": "e663",
      "unicode_decimal": 58979
    },
    {
      "icon_id": "14937220",
      "name": "医疗机构",
      "font_class": "yiliaojigou",
      "unicode": "e65e",
      "unicode_decimal": 58974
    },
    {
      "icon_id": "14909369",
      "name": "列表_移除",
      "font_class": "liebiao_yichu",
      "unicode": "e65d",
      "unicode_decimal": 58973
    },
    {
      "icon_id": "13055469",
      "name": "删除",
      "font_class": "shanchu1",
      "unicode": "eb39",
      "unicode_decimal": 60217
    },
    {
      "icon_id": "14865766",
      "name": "科室管理",
      "font_class": "keshiguanli",
      "unicode": "e65c",
      "unicode_decimal": 58972
    },
    {
      "icon_id": "14864929",
      "name": "列表_恢复",
      "font_class": "liebiao_huifu",
      "unicode": "e659",
      "unicode_decimal": 58969
    },
    {
      "icon_id": "14864930",
      "name": "列表_报废",
      "font_class": "liebiao_baofei",
      "unicode": "e65b",
      "unicode_decimal": 58971
    },
    {
      "icon_id": "14814321",
      "name": "用户数量",
      "font_class": "yonghushuliang",
      "unicode": "e656",
      "unicode_decimal": 58966
    },
    {
      "icon_id": "14814322",
      "name": "用户组",
      "font_class": "yonghuzu",
      "unicode": "e657",
      "unicode_decimal": 58967
    },
    {
      "icon_id": "14814323",
      "name": "电话",
      "font_class": "dianhua",
      "unicode": "e658",
      "unicode_decimal": 58968
    },
    {
      "icon_id": "14782352",
      "name": "导入",
      "font_class": "daoru",
      "unicode": "e655",
      "unicode_decimal": 58965
    },
    {
      "icon_id": "14782332",
      "name": "列表_解冻用户",
      "font_class": "liebiao_jiedongyonghu",
      "unicode": "e653",
      "unicode_decimal": 58963
    },
    {
      "icon_id": "14782333",
      "name": "列表_冻结用户",
      "font_class": "liebiao_dongjieyonghu",
      "unicode": "e654",
      "unicode_decimal": 58964
    },
    {
      "icon_id": "1998704",
      "name": "搜索",
      "font_class": "sousuo",
      "unicode": "e652",
      "unicode_decimal": 58962
    },
    {
      "icon_id": "14741104",
      "name": "导航—设备管理",
      "font_class": "daohangshebeiguanli",
      "unicode": "e651",
      "unicode_decimal": 58961
    },
    {
      "icon_id": "14741076",
      "name": "状态_报废",
      "font_class": "zhuangtai_baofei",
      "unicode": "e64b",
      "unicode_decimal": 58955
    },
    {
      "icon_id": "14741077",
      "name": "状态_故障",
      "font_class": "zhuangtai_guzhang",
      "unicode": "e64c",
      "unicode_decimal": 58956
    },
    {
      "icon_id": "14741079",
      "name": "状态_维修",
      "font_class": "zhuangtai_weixiu",
      "unicode": "e64d",
      "unicode_decimal": 58957
    },
    {
      "icon_id": "14741080",
      "name": "列表_保养记录",
      "font_class": "liebiao_baoyangjilu",
      "unicode": "e64e",
      "unicode_decimal": 58958
    },
    {
      "icon_id": "14741081",
      "name": "列表_维修记录",
      "font_class": "liebiao_weixiujilu",
      "unicode": "e64f",
      "unicode_decimal": 58959
    },
    {
      "icon_id": "14741082",
      "name": "状态_正常",
      "font_class": "zhuangtai_zhengchang",
      "unicode": "e650",
      "unicode_decimal": 58960
    },
    {
      "icon_id": "14698061",
      "name": "已完成",
      "font_class": "yiwancheng",
      "unicode": "e648",
      "unicode_decimal": 58952
    },
    {
      "icon_id": "14698062",
      "name": "已提交",
      "font_class": "yitijiao",
      "unicode": "e649",
      "unicode_decimal": 58953
    },
    {
      "icon_id": "14698063",
      "name": "处理中",
      "font_class": "chulizhong",
      "unicode": "e64a",
      "unicode_decimal": 58954
    },
    {
      "icon_id": "14688959",
      "name": "列表_处理",
      "font_class": "liebiao_chuli",
      "unicode": "e647",
      "unicode_decimal": 58951
    },
    {
      "icon_id": "14599625",
      "name": "提示",
      "font_class": "tishi",
      "unicode": "e646",
      "unicode_decimal": 58950
    },
    {
      "icon_id": "14582072",
      "name": "列表_解约",
      "font_class": "liebiao_jieyue",
      "unicode": "e645",
      "unicode_decimal": 58949
    },
    {
      "icon_id": "2543140",
      "name": "删除",
      "font_class": "shanchu",
      "unicode": "e65a",
      "unicode_decimal": 58970
    },
    {
      "icon_id": "14480639",
      "name": "列表_科室管理",
      "font_class": "liebiao_keshiguanli",
      "unicode": "e643",
      "unicode_decimal": 58947
    },
    {
      "icon_id": "14480640",
      "name": "列表_机构配置 5",
      "font_class": "liebiao_jigoupeizhi5",
      "unicode": "e644",
      "unicode_decimal": 58948
    },
    {
      "icon_id": "14478656",
      "name": "下拉展开",
      "font_class": "xialazhankai",
      "unicode": "e642",
      "unicode_decimal": 58946
    },
    {
      "icon_id": "14469869",
      "name": "编辑",
      "font_class": "bianji",
      "unicode": "e63d",
      "unicode_decimal": 58941
    },
    {
      "icon_id": "14469870",
      "name": "机构名称",
      "font_class": "jigoumingcheng",
      "unicode": "e63e",
      "unicode_decimal": 58942
    },
    {
      "icon_id": "14469871",
      "name": "开通服务",
      "font_class": "kaitongfuwu",
      "unicode": "e63f",
      "unicode_decimal": 58943
    },
    {
      "icon_id": "14469872",
      "name": "中心简介",
      "font_class": "zhongxinjianjie",
      "unicode": "e640",
      "unicode_decimal": 58944
    },
    {
      "icon_id": "14469873",
      "name": "管理员",
      "font_class": "guanliyuan",
      "unicode": "e641",
      "unicode_decimal": 58945
    },
    {
      "icon_id": "2569721",
      "name": "修改或编辑",
      "font_class": "xiugaihuobianji",
      "unicode": "e669",
      "unicode_decimal": 58985
    },
    {
      "icon_id": "14400007",
      "name": "列表_审核不通过",
      "font_class": "liebiao_shenhebutongguo",
      "unicode": "e63b",
      "unicode_decimal": 58939
    },
    {
      "icon_id": "14400008",
      "name": "列表_审核通过",
      "font_class": "liebiao_shenhetongguo",
      "unicode": "e63c",
      "unicode_decimal": 58940
    },
    {
      "icon_id": "14382251",
      "name": "冻结",
      "font_class": "dongjie",
      "unicode": "e637",
      "unicode_decimal": 58935
    },
    {
      "icon_id": "14382252",
      "name": "使用",
      "font_class": "shiyong",
      "unicode": "e638",
      "unicode_decimal": 58936
    },
    {
      "icon_id": "14382253",
      "name": "正常",
      "font_class": "zhengchang",
      "unicode": "e639",
      "unicode_decimal": 58937
    },
    {
      "icon_id": "14382254",
      "name": "注销",
      "font_class": "zhuxiao",
      "unicode": "e63a",
      "unicode_decimal": 58938
    },
    {
      "icon_id": "14349308",
      "name": "返回",
      "font_class": "fanhui",
      "unicode": "e635",
      "unicode_decimal": 58933
    },
    {
      "icon_id": "14349309",
      "name": "展开收起",
      "font_class": "zhankaishouqi",
      "unicode": "e636",
      "unicode_decimal": 58934
    },
    {
      "icon_id": "14289107",
      "name": "超声PACS",
      "font_class": "chaoshengPACS",
      "unicode": "e62f",
      "unicode_decimal": 58927
    },
    {
      "icon_id": "14289108",
      "name": "创建失败",
      "font_class": "chuangjianshibai",
      "unicode": "e632",
      "unicode_decimal": 58930
    },
    {
      "icon_id": "14289109",
      "name": "超声诊断",
      "font_class": "chaoshengzhenduan",
      "unicode": "e633",
      "unicode_decimal": 58931
    },
    {
      "icon_id": "14289110",
      "name": "创建成功",
      "font_class": "chuangjianchenggong",
      "unicode": "e634",
      "unicode_decimal": 58932
    },
    {
      "icon_id": "14288952",
      "name": "远程会诊",
      "font_class": "yuanchenghuizhen",
      "unicode": "e629",
      "unicode_decimal": 58921
    },
    {
      "icon_id": "14288953",
      "name": "心电PACS",
      "font_class": "xindianPACS",
      "unicode": "e62a",
      "unicode_decimal": 58922
    },
    {
      "icon_id": "14288955",
      "name": "放射PACS",
      "font_class": "fangshePACS",
      "unicode": "e62b",
      "unicode_decimal": 58923
    },
    {
      "icon_id": "14288956",
      "name": "影像诊断",
      "font_class": "yingxiangzhenduan",
      "unicode": "e62c",
      "unicode_decimal": 58924
    },
    {
      "icon_id": "14288957",
      "name": "双向转诊",
      "font_class": "shuangxiangzhuanzhen",
      "unicode": "e62d",
      "unicode_decimal": 58925
    },
    {
      "icon_id": "14288958",
      "name": "内镜PACS",
      "font_class": "neijingPACS",
      "unicode": "e62e",
      "unicode_decimal": 58926
    },
    {
      "icon_id": "14288961",
      "name": "影像云存储",
      "font_class": "yingxiangyuncunchu",
      "unicode": "e630",
      "unicode_decimal": 58928
    },
    {
      "icon_id": "14288962",
      "name": "心电诊断",
      "font_class": "xindianzhenduan",
      "unicode": "e631",
      "unicode_decimal": 58929
    },
    {
      "icon_id": "14264650",
      "name": "注意",
      "font_class": "zhuyi",
      "unicode": "e628",
      "unicode_decimal": 58920
    },
    {
      "icon_id": "14261059",
      "name": "进入",
      "font_class": "jinru",
      "unicode": "e627",
      "unicode_decimal": 58919
    },
    {
      "icon_id": "14261034",
      "name": "新增",
      "font_class": "xinzeng",
      "unicode": "e626",
      "unicode_decimal": 58918
    },
    {
      "icon_id": "2633208",
      "name": "向右箭头",
      "font_class": "xiangyoujiantou",
      "unicode": "e691",
      "unicode_decimal": 59025
    },
    {
      "icon_id": "2936109",
      "name": "必填",
      "font_class": "bitian",
      "unicode": "e6c5",
      "unicode_decimal": 59077
    },
    {
      "icon_id": "4389888",
      "name": "查看",
      "font_class": "chakan",
      "unicode": "e833",
      "unicode_decimal": 59443
    },
    {
      "icon_id": "2967580",
      "name": "收起展开2",
      "font_class": "shouqizhankai",
      "unicode": "e61c",
      "unicode_decimal": 58908
    },
    {
      "icon_id": "2967581",
      "name": "收起展开1",
      "font_class": "shouqizhankai1",
      "unicode": "e61d",
      "unicode_decimal": 58909
    },
    {
      "icon_id": "12275022",
      "name": "定位",
      "font_class": "dingwei",
      "unicode": "e608",
      "unicode_decimal": 58888
    },
    {
      "icon_id": "14260501",
      "name": "订阅发布",
      "font_class": "dingyuefabu",
      "unicode": "e625",
      "unicode_decimal": 58917
    },
    {
      "icon_id": "14260486",
      "name": "数据管理",
      "font_class": "shujuguanli",
      "unicode": "e61f",
      "unicode_decimal": 58911
    },
    {
      "icon_id": "14260487",
      "name": "视频会议",
      "font_class": "shipinhuiyi",
      "unicode": "e620",
      "unicode_decimal": 58912
    },
    {
      "icon_id": "14260488",
      "name": "系统运维",
      "font_class": "xitongyunwei",
      "unicode": "e621",
      "unicode_decimal": 58913
    },
    {
      "icon_id": "14260490",
      "name": "客户管理",
      "font_class": "kehuguanli",
      "unicode": "e622",
      "unicode_decimal": 58914
    },
    {
      "icon_id": "14260491",
      "name": "服务管理",
      "font_class": "fuwuguanli",
      "unicode": "e623",
      "unicode_decimal": 58915
    },
    {
      "icon_id": "14260492",
      "name": "系统设置",
      "font_class": "xitongshezhi",
      "unicode": "e624",
      "unicode_decimal": 58916
    }
  ]
}
