{
  "id": "1919609",
  "name": "医网云导航栏",
  "font_family": "iconfont",
  "css_prefix_text": "icon",
  "description": "",
  "glyphs": [
    {
      "icon_id": "41362053",
      "name": "菜单栏_智能质控",
      "font_class": "caidanlan_zhinengzhikong1",
      "unicode": "e8d0",
      "unicode_decimal": 59600
    },
    {
      "icon_id": "41313837",
      "name": "菜单栏_用户架构",
      "font_class": "caidanlan_yonghujiagou",
      "unicode": "e9aa5",
      "unicode_decimal": 957093
    },
    {
      "icon_id": "41248018",
      "name": "菜单栏_库表发布",
      "font_class": "caidanlan_kubiaofabu",
      "unicode": "e9a9",
      "unicode_decimal": 59817
    },
    {
      "icon_id": "40674803",
      "name": "菜单栏_危急报告",
      "font_class": "caidanlan_weijibaogao1",
      "unicode": "e8c6",
      "unicode_decimal": 59590
    },
    {
      "icon_id": "39460074",
      "name": "菜单栏_监控设置",
      "font_class": "caidanlan_jiankongshezhi",
      "unicode": "e8a6",
      "unicode_decimal": 59558
    },
    {
      "icon_id": "39459451",
      "name": "菜单栏_异常管理",
      "font_class": "caidanlan_yichangguanli",
      "unicode": "e8a5",
      "unicode_decimal": 59557
    },
    {
      "icon_id": "39138956",
      "name": "菜单栏_产品推广",
      "font_class": "caidanlan_chanpintuiguang",
      "unicode": "e9611",
      "unicode_decimal": 955921
    },
    {
      "icon_id": "39138971",
      "name": "菜单栏_displaysetting",
      "font_class": "caidanlan_displaysetting",
      "unicode": "e89b",
      "unicode_decimal": 59547
    },
    {
      "icon_id": "38515333",
      "name": "菜单栏_厂商管理",
      "font_class": "caidanlan_changshangguanli",
      "unicode": "e904",
      "unicode_decimal": 59652
    },
    {
      "icon_id": "38515335",
      "name": "菜单栏_申请记录",
      "font_class": "caidanlan_shenqingjilu",
      "unicode": "e906",
      "unicode_decimal": 59654
    },
    {
      "icon_id": "38433714",
      "name": "菜单栏_个人中心",
      "font_class": "icon_personal_center",
      "unicode": "e67f",
      "unicode_decimal": 59007
    },
    {
      "icon_id": "38433715",
      "name": "菜单栏_科室首页",
      "font_class": "icon_office_index",
      "unicode": "e680",
      "unicode_decimal": 59008
    },
    {
      "icon_id": "37907421",
      "name": "菜单栏_影像质控",
      "font_class": "caidanlan_yingxiangzhikong1",
      "unicode": "e872a",
      "unicode_decimal": 952106
    },
    {
      "icon_id": "37907395",
      "name": "菜单栏_上级平台",
      "font_class": "caidanlan_shangjipingtai",
      "unicode": "e871a",
      "unicode_decimal": 952090
    },
    {
      "icon_id": "37767335",
      "name": "菜单栏_参数设置",
      "font_class": "caidanlan_canshushezhi1",
      "unicode": "e67b",
      "unicode_decimal": 59003
    },
    {
      "icon_id": "37767334",
      "name": "菜单栏_模板管理",
      "font_class": "caidanlan_mobanguanli",
      "unicode": "e67c",
      "unicode_decimal": 59004
    },
    {
      "icon_id": "37767332",
      "name": "菜单栏_统计分析",
      "font_class": "caidanlan_tongjifenxi",
      "unicode": "e67d",
      "unicode_decimal": 59005
    },
    {
      "icon_id": "37767333",
      "name": "菜单栏_信息管理",
      "font_class": "caidanlan_xinxiguanli",
      "unicode": "e67e",
      "unicode_decimal": 59006
    },
    {
      "icon_id": "37591915",
      "name": "菜单栏_计划管理",
      "font_class": "caidanlan_jihuaguanli",
      "unicode": "e675",
      "unicode_decimal": 58997
    },
    {
      "icon_id": "37591914",
      "name": "菜单栏_单据管理",
      "font_class": "caidanlan_danjuguanli",
      "unicode": "e67a",
      "unicode_decimal": 59002
    },
    {
      "icon_id": "37578647",
      "name": "菜单栏_质控管理",
      "font_class": "caidanlan_zhikongguanli1",
      "unicode": "e673",
      "unicode_decimal": 58995
    },
    {
      "icon_id": "37578646",
      "name": "菜单栏_随访管理",
      "font_class": "caidanlan_suifangguanli",
      "unicode": "e674",
      "unicode_decimal": 58996
    },
    {
      "icon_id": "37578653",
      "name": "菜单栏_登记管理",
      "font_class": "caidanlan_dengjiguanli",
      "unicode": "e660",
      "unicode_decimal": 58976
    },
    {
      "icon_id": "37578652",
      "name": "菜单栏_系统管理",
      "font_class": "caidanlan_xitongguanli1",
      "unicode": "e662",
      "unicode_decimal": 58978
    },
    {
      "icon_id": "37578650",
      "name": "菜单栏_工作流管理",
      "font_class": "caidanlan_gongzuoliuguanli",
      "unicode": "e664",
      "unicode_decimal": 58980
    },
    {
      "icon_id": "37578651",
      "name": "菜单栏_费用管理",
      "font_class": "caidanlan_feiyongguanli",
      "unicode": "e66e",
      "unicode_decimal": 58990
    },
    {
      "icon_id": "37578649",
      "name": "菜单栏_排队叫号",
      "font_class": "caidanlan_paiduijiaohao",
      "unicode": "e670",
      "unicode_decimal": 58992
    },
    {
      "icon_id": "37578648",
      "name": "菜单栏_设备预约",
      "font_class": "caidanlan_shebeiyuyue",
      "unicode": "e671",
      "unicode_decimal": 58993
    },
    {
      "icon_id": "37126862",
      "name": "菜单栏_危急报告",
      "font_class": "caidanlan_weijibaogao",
      "unicode": "e8f61",
      "unicode_decimal": 954209
    },
    {
      "icon_id": "37103296",
      "name": "菜单栏_检查效率",
      "font_class": "caidanlan_jianchaxiaoshuai",
      "unicode": "e857",
      "unicode_decimal": 59479
    },
    {
      "icon_id": "37103295",
      "name": "菜单栏_质控日常",
      "font_class": "caidanlan_zhikongrichang",
      "unicode": "e858",
      "unicode_decimal": 59480
    },
    {
      "icon_id": "37103294",
      "name": "菜单栏_室间质控",
      "font_class": "caidanlan_shijianzhikong1",
      "unicode": "e859",
      "unicode_decimal": 59481
    },
    {
      "icon_id": "37103297",
      "name": "菜单栏_工作负荷",
      "font_class": "caidanlan_gongzuofuhe",
      "unicode": "e856",
      "unicode_decimal": 59478
    },
    {
      "icon_id": "36971419",
      "name": "菜单栏_接入管理",
      "font_class": "caidanlan_jieruguanli",
      "unicode": "e8f14",
      "unicode_decimal": 954132
    },
    {
      "icon_id": "36970460",
      "name": "菜单栏_数据大屏",
      "font_class": "caidanlan_shujudaping",
      "unicode": "e8ef4",
      "unicode_decimal": 954100
    },
    {
      "icon_id": "36379901",
      "name": "菜单栏_数据查询",
      "font_class": "caidanlan_shujuchaxun",
      "unicode": "e849",
      "unicode_decimal": 59465
    },
    {
      "icon_id": "36110177",
      "name": "菜单栏_科室首页",
      "font_class": "caidanlan_keshishouye",
      "unicode": "e64d",
      "unicode_decimal": 58957
    },
    {
      "icon_id": "36107131",
      "name": "菜单栏_公司官网",
      "font_class": "caidanlan_gongsiguanwang",
      "unicode": "e64c3",
      "unicode_decimal": 943299
    },
    {
      "icon_id": "36086284",
      "name": "菜单栏_登记设置",
      "font_class": "caidanlan_dengjishezhi",
      "unicode": "e844",
      "unicode_decimal": 59460
    },
    {
      "icon_id": "35576917",
      "name": "菜单栏_路由列表",
      "font_class": "luyouliebiao",
      "unicode": "e83f1",
      "unicode_decimal": 951281
    },
    {
      "icon_id": "35235382",
      "name": "菜单栏_患者关注",
      "font_class": "caidanlan_huanzheguanzhu",
      "unicode": "e6462",
      "unicode_decimal": 943202
    },
    {
      "icon_id": "35187056",
      "name": "菜单栏_病例学习",
      "font_class": "caidanlan_binglixuexi",
      "unicode": "e8c15",
      "unicode_decimal": 953365
    },
    {
      "icon_id": "34368074",
      "name": "菜单栏_培训计划",
      "font_class": "caidanlan_peixunjihua",
      "unicode": "e8aa4",
      "unicode_decimal": 952996
    },
    {
      "icon_id": "34297993",
      "name": "菜单栏_专家库",
      "font_class": "caidanlan_zhuanjiaku",
      "unicode": "e8a71",
      "unicode_decimal": 952945
    },
    {
      "icon_id": "34180975",
      "name": "菜单栏_交接班",
      "font_class": "caidanlan_jiaojieban",
      "unicode": "e81d",
      "unicode_decimal": 59421
    },
    {
      "icon_id": "33834845",
      "name": "菜单栏_排班查询",
      "font_class": "caidanlan_paibanchaxun",
      "unicode": "e811",
      "unicode_decimal": 59409
    },
    {
      "icon_id": "33615747",
      "name": "菜单栏_接口服务",
      "font_class": "caidanlan_jiekoufuwu",
      "unicode": "e89b0",
      "unicode_decimal": 952752
    },
    {
      "icon_id": "33564379",
      "name": "菜单栏_审核管理",
      "font_class": "caidanlan_shenheguanli",
      "unicode": "e80d",
      "unicode_decimal": 59405
    },
    {
      "icon_id": "33399451",
      "name": "菜单栏_数据服务",
      "font_class": "caidanlan_shujufuwu",
      "unicode": "e8925",
      "unicode_decimal": 952613
    },
    {
      "icon_id": "32786290",
      "name": "菜单栏_学术会议",
      "font_class": "caidanlan_xueshuhuiyi",
      "unicode": "e80b",
      "unicode_decimal": 59403
    },
    {
      "icon_id": "32518115",
      "name": "菜单栏_镜像管理",
      "font_class": "caidanlan_jingxiangguanli",
      "unicode": "e8733",
      "unicode_decimal": 952115
    },
    {
      "icon_id": "32518116",
      "name": "菜单栏_产品管理",
      "font_class": "caidanlan_chanpinguanli",
      "unicode": "e8743",
      "unicode_decimal": 952131
    },
    {
      "icon_id": "32393840",
      "name": "菜单栏_数据治理",
      "font_class": "caidanlan_shujuzhili",
      "unicode": "e8717",
      "unicode_decimal": 952087
    },
    {
      "icon_id": "32393841",
      "name": "菜单栏_数据处理",
      "font_class": "caidanlan_shujuchuli1",
      "unicode": "e8727",
      "unicode_decimal": 952103
    },
    {
      "icon_id": "32296559",
      "name": "菜单栏_文",
      "font_class": "caidanlan_wen",
      "unicode": "e7fe",
      "unicode_decimal": 59390
    },
    {
      "icon_id": "32296560",
      "name": "菜单栏_质",
      "font_class": "caidanlan_zhi",
      "unicode": "e7ff",
      "unicode_decimal": 59391
    },
    {
      "icon_id": "32296561",
      "name": "菜单栏_管",
      "font_class": "caidanlan_guan",
      "unicode": "e800",
      "unicode_decimal": 59392
    },
    {
      "icon_id": "32296562",
      "name": "菜单栏_查",
      "font_class": "caidanlan_cha",
      "unicode": "e801",
      "unicode_decimal": 59393
    },
    {
      "icon_id": "32296563",
      "name": "菜单栏_档",
      "font_class": "caidanlan_dang",
      "unicode": "e802",
      "unicode_decimal": 59394
    },
    {
      "icon_id": "32296564",
      "name": "菜单栏_制",
      "font_class": "caidanlan_zhi1",
      "unicode": "e803",
      "unicode_decimal": 59395
    },
    {
      "icon_id": "32296565",
      "name": "菜单栏_例",
      "font_class": "caidanlan_li",
      "unicode": "e804",
      "unicode_decimal": 59396
    },
    {
      "icon_id": "32296566",
      "name": "菜单栏_送",
      "font_class": "caidanlan_song",
      "unicode": "e805",
      "unicode_decimal": 59397
    },
    {
      "icon_id": "32296567",
      "name": "菜单栏_诊",
      "font_class": "caidanlan_zhen",
      "unicode": "e806",
      "unicode_decimal": 59398
    },
    {
      "icon_id": "32296568",
      "name": "菜单栏_特",
      "font_class": "caidanlan_te",
      "unicode": "e807",
      "unicode_decimal": 59399
    },
    {
      "icon_id": "32296569",
      "name": "菜单栏_申",
      "font_class": "caidanlan_shen",
      "unicode": "e808",
      "unicode_decimal": 59400
    },
    {
      "icon_id": "32296570",
      "name": "菜单栏_取",
      "font_class": "caidanlan_qu",
      "unicode": "e809",
      "unicode_decimal": 59401
    },
    {
      "icon_id": "32296571",
      "name": "菜单栏_登",
      "font_class": "caidanlan_deng",
      "unicode": "e80a",
      "unicode_decimal": 59402
    },
    {
      "icon_id": "31264750",
      "name": "菜单栏_班级管理",
      "font_class": "caidanlan_banjiguanli",
      "unicode": "e7e90",
      "unicode_decimal": 949904
    },
    {
      "icon_id": "31264751",
      "name": "菜单栏_学员管理",
      "font_class": "caidanlan_xueyuanguanli",
      "unicode": "e7ea",
      "unicode_decimal": 59370
    },
    {
      "icon_id": "31263855",
      "name": "菜单栏_影像规培",
      "font_class": "caidanlan_yingxiangguipei",
      "unicode": "e7e7",
      "unicode_decimal": 59367
    },
    {
      "icon_id": "31263856",
      "name": "菜单栏_在线读片",
      "font_class": "caidanlan_zaixiandupian",
      "unicode": "e7e8",
      "unicode_decimal": 59368
    },
    {
      "icon_id": "30343643",
      "name": "菜单栏_影像大数据",
      "font_class": "caidanlan_yingxiangdashuju",
      "unicode": "e838",
      "unicode_decimal": 59448
    },
    {
      "icon_id": "29865891",
      "name": "菜单栏_数据处理",
      "font_class": "caidanlan_shujuchuli",
      "unicode": "e825",
      "unicode_decimal": 59429
    },
    {
      "icon_id": "29865892",
      "name": "菜单栏_数据采集",
      "font_class": "caidanlan_shujucaiji1",
      "unicode": "e826",
      "unicode_decimal": 59430
    },
    {
      "icon_id": "30098342",
      "name": "菜单栏_特检管理",
      "font_class": "caidanlan_tejianguanli",
      "unicode": "e7da",
      "unicode_decimal": 59354
    },
    {
      "icon_id": "30097096",
      "name": "菜单栏_知识库",
      "font_class": "caidanlan_zhishiku",
      "unicode": "e7d8",
      "unicode_decimal": 59352
    },
    {
      "icon_id": "30086066",
      "name": "菜单栏_切片制片",
      "font_class": "caidanlan_qiepianzhipian",
      "unicode": "e7d7",
      "unicode_decimal": 59351
    },
    {
      "icon_id": "29783777",
      "name": "菜单栏_文件管理",
      "font_class": "caidanlan_wenjianguanli",
      "unicode": "e7d2",
      "unicode_decimal": 59346
    },
    {
      "icon_id": "29703030",
      "name": "菜单栏_标本配送",
      "font_class": "caidanlan_biaobenpeisong",
      "unicode": "e7d1",
      "unicode_decimal": 59345
    },
    {
      "icon_id": "29467689",
      "name": "菜单栏_物资管理",
      "font_class": "caidanlan_wuziguanli",
      "unicode": "e81f",
      "unicode_decimal": 59423
    },
    {
      "icon_id": "29187843",
      "name": "菜单栏_视频会议",
      "font_class": "caidanlan_shipinhuiyi",
      "unicode": "e8151",
      "unicode_decimal": 950609
    },
    {
      "icon_id": "28391904",
      "name": "菜单栏_视频查询",
      "font_class": "caidanlan_shipinchaxun",
      "unicode": "e7bb",
      "unicode_decimal": 59323
    },
    {
      "icon_id": "28391905",
      "name": "菜单栏_课程录制",
      "font_class": "caidanlan_kechengluzhi",
      "unicode": "e7bc",
      "unicode_decimal": 59324
    },
    {
      "icon_id": "28160904",
      "name": "菜单栏_中心管理",
      "font_class": "caidanlan_zhongxinguanli",
      "unicode": "e603",
      "unicode_decimal": 58883
    },
    {
      "icon_id": "28139753",
      "name": "菜单栏_科研质控",
      "font_class": "caidanlan_keyanzhikong",
      "unicode": "e7f99",
      "unicode_decimal": 950169
    },
    {
      "icon_id": "27987644",
      "name": "菜单栏_核素治疗",
      "font_class": "caidanlan_hesuzhiliao",
      "unicode": "e7a7",
      "unicode_decimal": 59303
    },
    {
      "icon_id": "27987610",
      "name": "菜单栏_药品管理",
      "font_class": "caidanlan_yaopinguanli",
      "unicode": "e7a8",
      "unicode_decimal": 59304
    },
    {
      "icon_id": "27814253",
      "name": "菜单栏_视频点播",
      "font_class": "caidanlan_shipindianbo",
      "unicode": "e7a5",
      "unicode_decimal": 59301
    },
    {
      "icon_id": "27814254",
      "name": "菜单栏_在线直播",
      "font_class": "caidanlan_zaixianzhibo",
      "unicode": "e7a6",
      "unicode_decimal": 59302
    },
    {
      "icon_id": "27813751",
      "name": "菜单栏_直播反馈",
      "font_class": "caidanlan_zhibofankui",
      "unicode": "e7a4",
      "unicode_decimal": 59300
    },
    {
      "icon_id": "27790993",
      "name": "菜单栏_运行管理",
      "font_class": "caidanlan_yunhangguanli",
      "unicode": "e7eb0",
      "unicode_decimal": 949936
    },
    {
      "icon_id": "27735214",
      "name": "菜单栏_远程查房",
      "font_class": "chafangguanli",
      "unicode": "e7e60",
      "unicode_decimal": 949856
    },
    {
      "icon_id": "27727573",
      "name": "菜单栏_查房预约",
      "font_class": "chafangyuyue",
      "unicode": "e7e40",
      "unicode_decimal": 949824
    },
    {
      "icon_id": "27727574",
      "name": "菜单栏_查房服务",
      "font_class": "chafangfuwu",
      "unicode": "e7e50",
      "unicode_decimal": 949840
    },
    {
      "icon_id": "27547193",
      "name": "菜单栏_科员管理",
      "font_class": "caidanlan_keyuanguanli",
      "unicode": "e7db5",
      "unicode_decimal": 949685
    },
    {
      "icon_id": "26743235",
      "name": "菜单栏_微广场",
      "font_class": "caidanlan_weiguangchang",
      "unicode": "e78d",
      "unicode_decimal": 59277
    },
    {
      "icon_id": "26526123",
      "name": "菜单栏_试剂管理",
      "font_class": "caidanlan_shijiguanli",
      "unicode": "e783",
      "unicode_decimal": 59267
    },
    {
      "icon_id": "25932873",
      "name": "菜单栏_机房监控",
      "font_class": "caidanlan_jifangjiankong",
      "unicode": "e772",
      "unicode_decimal": 59250
    },
    {
      "icon_id": "25748281",
      "name": "菜单栏_等级评审",
      "font_class": "caidanlan_dengjipingshen",
      "unicode": "e76f",
      "unicode_decimal": 59247
    },
    {
      "icon_id": "25573184",
      "name": "菜单栏_叫号屏模板",
      "font_class": "caidanlan_jiaohaopingmoban",
      "unicode": "e7ac9",
      "unicode_decimal": 948937
    },
    {
      "icon_id": "25239268",
      "name": "菜单栏_通知管理",
      "font_class": "caidanlan_tongzhiguanli",
      "unicode": "e7a7a",
      "unicode_decimal": 948858
    },
    {
      "icon_id": "25214003",
      "name": "菜单栏_角色管理",
      "font_class": "caidanlan_jiaoseguanli",
      "unicode": "e7a3e",
      "unicode_decimal": 948798
    },
    {
      "icon_id": "25214004",
      "name": "菜单栏_账号信息",
      "font_class": "caidanlan_zhanghaoxinxi",
      "unicode": "e7a4e",
      "unicode_decimal": 948814
    },
    {
      "icon_id": "25214005",
      "name": "菜单栏_安全设置",
      "font_class": "caidanlan_anquanshezhi",
      "unicode": "e7a5e",
      "unicode_decimal": 948830
    },
    {
      "icon_id": "25010437",
      "name": "菜单栏_配置日志",
      "font_class": "caidanlan_peizhirizhi",
      "unicode": "e76b",
      "unicode_decimal": 59243
    },
    {
      "icon_id": "25010361",
      "name": "菜单栏_预约日志",
      "font_class": "caidanlan_yuyuerizhi",
      "unicode": "e76c",
      "unicode_decimal": 59244
    },
    {
      "icon_id": "25009722",
      "name": "菜单栏_质控管理",
      "font_class": "caidanlan_zhikongguanli",
      "unicode": "e769",
      "unicode_decimal": 59241
    },
    {
      "icon_id": "25009723",
      "name": "菜单栏_病例管理",
      "font_class": "caidanlan_bingliguanli",
      "unicode": "e76a",
      "unicode_decimal": 59242
    },
    {
      "icon_id": "25008883",
      "name": "菜单栏_用户账号",
      "font_class": "caidanlan_yonghuzhanghao",
      "unicode": "e768",
      "unicode_decimal": 59240
    },
    {
      "icon_id": "25008690",
      "name": "菜单栏_短信设置",
      "font_class": "caidanlan_duanxinshezhi",
      "unicode": "e762",
      "unicode_decimal": 59234
    },
    {
      "icon_id": "25008691",
      "name": "菜单栏_科室机房",
      "font_class": "caidanlan_keshijifang",
      "unicode": "e763",
      "unicode_decimal": 59235
    },
    {
      "icon_id": "25008692",
      "name": "菜单栏_排队管理",
      "font_class": "caidanlan_paiduiguanli",
      "unicode": "e764",
      "unicode_decimal": 59236
    },
    {
      "icon_id": "25008693",
      "name": "菜单栏_预约申请",
      "font_class": "caidanlan_yuyueshenqing",
      "unicode": "e765",
      "unicode_decimal": 59237
    },
    {
      "icon_id": "25008694",
      "name": "菜单栏_检查项目",
      "font_class": "caidanlan_jianchaxiangmu",
      "unicode": "e766",
      "unicode_decimal": 59238
    },
    {
      "icon_id": "25008695",
      "name": "菜单栏_预约查询",
      "font_class": "caidanlan_yuyuechaxun",
      "unicode": "e767",
      "unicode_decimal": 59239
    },
    {
      "icon_id": "25008685",
      "name": "菜单栏_预约结果",
      "font_class": "caidanlan_yuyuejieguo",
      "unicode": "e75d",
      "unicode_decimal": 59229
    },
    {
      "icon_id": "25008686",
      "name": "菜单栏_用户授权",
      "font_class": "caidanlan_yonghushouquan",
      "unicode": "e75e",
      "unicode_decimal": 59230
    },
    {
      "icon_id": "25008687",
      "name": "菜单栏_费用套餐",
      "font_class": "caidanlan_feiyongtaocan",
      "unicode": "e75f",
      "unicode_decimal": 59231
    },
    {
      "icon_id": "25008688",
      "name": "菜单栏_规则设置",
      "font_class": "caidanlan_guizeshezhi",
      "unicode": "e760",
      "unicode_decimal": 59232
    },
    {
      "icon_id": "25008689",
      "name": "菜单栏_打印设置",
      "font_class": "caidanlan_dayinshezhi",
      "unicode": "e761",
      "unicode_decimal": 59233
    },
    {
      "icon_id": "24930545",
      "name": "菜单栏_向上收起",
      "font_class": "caidanlan_xiangshangshouqi",
      "unicode": "e75b",
      "unicode_decimal": 59227
    },
    {
      "icon_id": "24930546",
      "name": "菜单栏_向下展开",
      "font_class": "caidanlan_xiangxiazhankai",
      "unicode": "e75c",
      "unicode_decimal": 59228
    },
    {
      "icon_id": "24930303",
      "name": "菜单栏_屏幕监控",
      "font_class": "caidanlan_pingmujiankong",
      "unicode": "e79e7",
      "unicode_decimal": 948711
    },
    {
      "icon_id": "24930304",
      "name": "菜单栏_叫号屏设置",
      "font_class": "caidanlan_jiaohaopingshezhi",
      "unicode": "e7a07",
      "unicode_decimal": 948743
    },
    {
      "icon_id": "24930305",
      "name": "菜单栏_基础设置",
      "font_class": "caidanlan_jichushezhi1",
      "unicode": "e7a17",
      "unicode_decimal": 948759
    },
    {
      "icon_id": "24806629",
      "name": "菜单栏_报告管理",
      "font_class": "caidanlan_baogaoguanli",
      "unicode": "e79c7",
      "unicode_decimal": 948679
    },
    {
      "icon_id": "24804439",
      "name": "菜单栏_患者主索引",
      "font_class": "caidanlan_huanzhezhusuoyin",
      "unicode": "e79b7",
      "unicode_decimal": 948663
    },
    {
      "icon_id": "24316978",
      "name": "菜单栏_常规制片",
      "font_class": "caidanlan_changguizhipian",
      "unicode": "e75a",
      "unicode_decimal": 59226
    },
    {
      "icon_id": "24248615",
      "name": "菜单栏_服务管理",
      "font_class": "caidanlan_fuwuguanli",
      "unicode": "e7857",
      "unicode_decimal": 948311
    },
    {
      "icon_id": "24245994",
      "name": "菜单栏_评价方案",
      "font_class": "caidanlan_pingjiafangan",
      "unicode": "e756",
      "unicode_decimal": 59222
    },
    {
      "icon_id": "24245995",
      "name": "菜单栏_服务工单",
      "font_class": "caidanlan_fuwugongdan1",
      "unicode": "e759",
      "unicode_decimal": 59225
    },
    {
      "icon_id": "24245657",
      "name": "菜单栏_共享交换",
      "font_class": "caidanlan_gongxiangjiaohuan",
      "unicode": "e745",
      "unicode_decimal": 59205
    },
    {
      "icon_id": "24245658",
      "name": "菜单栏_病历导出",
      "font_class": "caidanlan_binglidaochu",
      "unicode": "e746",
      "unicode_decimal": 59206
    },
    {
      "icon_id": "24245659",
      "name": "菜单栏_数据导出",
      "font_class": "caidanlan_shujudaochu",
      "unicode": "e747",
      "unicode_decimal": 59207
    },
    {
      "icon_id": "24245660",
      "name": "菜单栏_分享记录",
      "font_class": "caidanlan_fenxiangjilu",
      "unicode": "e748",
      "unicode_decimal": 59208
    },
    {
      "icon_id": "24245661",
      "name": "菜单栏_项目互认",
      "font_class": "caidanlan_xiangmuhuren",
      "unicode": "e749",
      "unicode_decimal": 59209
    },
    {
      "icon_id": "24245662",
      "name": "菜单栏_数据字典",
      "font_class": "caidanlan_shujuzidian",
      "unicode": "e74a",
      "unicode_decimal": 59210
    },
    {
      "icon_id": "24245663",
      "name": "菜单栏_运行监控",
      "font_class": "caidanlan_yunhangjiankong",
      "unicode": "e74c",
      "unicode_decimal": 59212
    },
    {
      "icon_id": "24245664",
      "name": "菜单栏_用户权限",
      "font_class": "caidanlan_yonghuquanxian",
      "unicode": "e74f",
      "unicode_decimal": 59215
    },
    {
      "icon_id": "24245665",
      "name": "菜单栏_用户列表",
      "font_class": "caidanlan_yonghuliebiao",
      "unicode": "e750",
      "unicode_decimal": 59216
    },
    {
      "icon_id": "24245666",
      "name": "菜单栏_边缘节点",
      "font_class": "caidanlan_bianyuanjiedian",
      "unicode": "e751",
      "unicode_decimal": 59217
    },
    {
      "icon_id": "24245667",
      "name": "菜单栏_数据采集",
      "font_class": "caidanlan_shujucaiji",
      "unicode": "e752",
      "unicode_decimal": 59218
    },
    {
      "icon_id": "24245668",
      "name": "菜单栏_医技评价",
      "font_class": "caidanlan_yijipingjia",
      "unicode": "e753",
      "unicode_decimal": 59219
    },
    {
      "icon_id": "24245669",
      "name": "菜单栏_日志审计",
      "font_class": "caidanlan_rizhishenji",
      "unicode": "e754",
      "unicode_decimal": 59220
    },
    {
      "icon_id": "24245670",
      "name": "菜单栏_系统管理",
      "font_class": "caidanlan_xitongguanli",
      "unicode": "e755",
      "unicode_decimal": 59221
    },
    {
      "icon_id": "24245672",
      "name": "菜单栏_系统参数",
      "font_class": "caidanlan_xitongcanshu",
      "unicode": "e757",
      "unicode_decimal": 59223
    },
    {
      "icon_id": "24245673",
      "name": "菜单栏_评价记录",
      "font_class": "caidanlan_pingjiajilu",
      "unicode": "e758",
      "unicode_decimal": 59224
    },
    {
      "icon_id": "24218778",
      "name": "菜单栏_病理监管",
      "font_class": "caidanlan_binglijianguan",
      "unicode": "e7837",
      "unicode_decimal": 948279
    },
    {
      "icon_id": "23767986",
      "name": "菜单栏_切片申请",
      "font_class": "caidanlan_qiepianshenqing",
      "unicode": "e77e7",
      "unicode_decimal": 948199
    },
    {
      "icon_id": "23767987",
      "name": "菜单栏_切片诊断",
      "font_class": "caidanlan_qiepianzhenduan",
      "unicode": "e77f7",
      "unicode_decimal": 948215
    },
    {
      "icon_id": "23428041",
      "name": "菜单栏_检查互认",
      "font_class": "caidanlan_jianchahuren",
      "unicode": "e72f",
      "unicode_decimal": 59183
    },
    {
      "icon_id": "23339368",
      "name": "菜单栏_评价统计",
      "font_class": "caidanlan_pingjiatongji",
      "unicode": "e71a",
      "unicode_decimal": 59162
    },
    {
      "icon_id": "23333964",
      "name": "菜单栏_评价管理",
      "font_class": "caidanlan_pingjiaguanli",
      "unicode": "e719",
      "unicode_decimal": 59161
    },
    {
      "icon_id": "23311781",
      "name": "菜单栏_诊断符合率",
      "font_class": "caidanlan_zhenduanfuheshuai",
      "unicode": "e7187",
      "unicode_decimal": 946567
    },
    {
      "icon_id": "23740923",
      "name": "菜单栏_病理标本接收",
      "font_class": "caidanlan_bbjs",
      "unicode": "e76f8",
      "unicode_decimal": 947960
    },
    {
      "icon_id": "23240867",
      "name": "菜单栏_诊断任务",
      "font_class": "caidanlan_zhenduanrenwu",
      "unicode": "e7677",
      "unicode_decimal": 947831
    },
    {
      "icon_id": "23240868",
      "name": "菜单栏_病理查询",
      "font_class": "caidanlan_binglichaxun",
      "unicode": "e7687",
      "unicode_decimal": 947847
    },
    {
      "icon_id": "23240870",
      "name": "菜单栏_病理标本接收",
      "font_class": "caidanlan_binglibiaobenjieshou",
      "unicode": "e7697",
      "unicode_decimal": 947863
    },
    {
      "icon_id": "23240871",
      "name": "菜单栏_心电诊断",
      "font_class": "caidanlan_xindianzhenduan",
      "unicode": "e76a7",
      "unicode_decimal": 947879
    },
    {
      "icon_id": "23240872",
      "name": "菜单栏_病理诊断",
      "font_class": "caidanlan_binglizhenduan",
      "unicode": "e76b7",
      "unicode_decimal": 947895
    },
    {
      "icon_id": "23240873",
      "name": "菜单栏_心电申请",
      "font_class": "caidanlan_xindianshenqing",
      "unicode": "e76c7",
      "unicode_decimal": 947911
    },
    {
      "icon_id": "23240874",
      "name": "菜单栏_心电查询",
      "font_class": "caidanlan_xindianchaxun",
      "unicode": "e76e7",
      "unicode_decimal": 947943
    },
    {
      "icon_id": "23240965",
      "name": "菜单栏_病理申请",
      "font_class": "caidanlan_binglishenqing",
      "unicode": "e76f7",
      "unicode_decimal": 947959
    },
    {
      "icon_id": "23065542",
      "name": "菜单栏_首页",
      "font_class": "caidanlan_shouye",
      "unicode": "e7627",
      "unicode_decimal": 947751
    },
    {
      "icon_id": "22977023",
      "name": "菜单栏_远程教育",
      "font_class": "caidanlan_yuanchengjiaoyu",
      "unicode": "e75c7",
      "unicode_decimal": 947655
    },
    {
      "icon_id": "22975473",
      "name": "菜单栏_质量管理",
      "font_class": "caidanlan_zhiliangguanli",
      "unicode": "e75a7",
      "unicode_decimal": 947623
    },
    {
      "icon_id": "22937637",
      "name": "菜单栏_病例随访",
      "font_class": "binglisuifang",
      "unicode": "e7588",
      "unicode_decimal": 947592
    },
    {
      "icon_id": "22929880",
      "name": "菜单栏_注射管理",
      "font_class": "caidanlan_zhusheguanli",
      "unicode": "e717",
      "unicode_decimal": 59159
    },
    {
      "icon_id": "22929859",
      "name": "菜单栏_病史问诊",
      "font_class": "caidanlan_bingshiwenzhen",
      "unicode": "e713",
      "unicode_decimal": 59155
    },
    {
      "icon_id": "22929860",
      "name": "菜单栏_报告诊断",
      "font_class": "caidanlan_baogaozhenduan",
      "unicode": "e714",
      "unicode_decimal": 59156
    },
    {
      "icon_id": "22831513",
      "name": "菜单栏_我的学习",
      "font_class": "caidanlan_wodexuexi",
      "unicode": "e710",
      "unicode_decimal": 59152
    },
    {
      "icon_id": "22831515",
      "name": "菜单栏_我的授课",
      "font_class": "caidanlan_wodeshouke",
      "unicode": "e712",
      "unicode_decimal": 59154
    },
    {
      "icon_id": "22812169",
      "name": "菜单栏_课程专题",
      "font_class": "caidanlan_kechengzhuanti",
      "unicode": "e70a",
      "unicode_decimal": 59146
    },
    {
      "icon_id": "22812171",
      "name": "菜单栏_题库管理",
      "font_class": "caidanlan_tikuguanli",
      "unicode": "e70c",
      "unicode_decimal": 59148
    },
    {
      "icon_id": "22812172",
      "name": "菜单栏_讲师管理",
      "font_class": "caidanlan_jiangshiguanli",
      "unicode": "e70d",
      "unicode_decimal": 59149
    },
    {
      "icon_id": "22812173",
      "name": "菜单栏_在线考试",
      "font_class": "caidanlan_zaixiankaoshi",
      "unicode": "e70e",
      "unicode_decimal": 59150
    },
    {
      "icon_id": "22812174",
      "name": "菜单栏_教学计划",
      "font_class": "caidanlan_jiaoxuejihua",
      "unicode": "e70f",
      "unicode_decimal": 59151
    },
    {
      "icon_id": "22590875",
      "name": "菜单栏_展板",
      "font_class": "caidanlan_zhanban",
      "unicode": "e74e",
      "unicode_decimal": 59214
    },
    {
      "icon_id": "22585801",
      "name": "菜单栏_病理统计",
      "font_class": "caidanlan_binglitongji",
      "unicode": "e74d",
      "unicode_decimal": 59213
    },
    {
      "icon_id": "22585688",
      "name": "菜单栏_心电统计",
      "font_class": "caidanlan_xindiantongji",
      "unicode": "e74b",
      "unicode_decimal": 59211
    },
    {
      "icon_id": "22296620",
      "name": "菜单栏_室内质控",
      "font_class": "caidanlan_shijianzhikong",
      "unicode": "e7355",
      "unicode_decimal": 947029
    },
    {
      "icon_id": "22173685",
      "name": "菜单栏_课程管理",
      "font_class": "caidanlan_kechengguanli",
      "unicode": "e702",
      "unicode_decimal": 59138
    },
    {
      "icon_id": "21772692",
      "name": "菜单栏_集中预约",
      "font_class": "caidanlan_jizhongyuyue",
      "unicode": "e7333",
      "unicode_decimal": 946995
    },
    {
      "icon_id": "21712353",
      "name": "菜单栏_电子胶片",
      "font_class": "caidanlan_dianzijiaopian",
      "unicode": "e6ff",
      "unicode_decimal": 59135
    },
    {
      "icon_id": "21339725",
      "name": "菜单栏_数据统计",
      "font_class": "caidanlan_shujutongji",
      "unicode": "e7311",
      "unicode_decimal": 946961
    },
    {
      "icon_id": "21339240",
      "name": "菜单栏_数据大脑",
      "font_class": "caidanlan_shujudanao",
      "unicode": "e72ff",
      "unicode_decimal": 946943
    },
    {
      "icon_id": "21219895",
      "name": "菜单栏_智能科室",
      "font_class": "caidanlan_zhinengkeshi",
      "unicode": "e72ee",
      "unicode_decimal": 946926
    },
    {
      "icon_id": "20745268",
      "name": "菜单栏_质控",
      "font_class": "caidanlan_zhikong",
      "unicode": "ebd4",
      "unicode_decimal": 60372
    },
    {
      "icon_id": "20745269",
      "name": "菜单栏_其他",
      "font_class": "caidanlan_qita",
      "unicode": "ebd5",
      "unicode_decimal": 60373
    },
    {
      "icon_id": "20745270",
      "name": "菜单栏_费用",
      "font_class": "caidanlan_feiyong",
      "unicode": "ebd6",
      "unicode_decimal": 60374
    },
    {
      "icon_id": "20745271",
      "name": "菜单栏_供应商",
      "font_class": "caidanlan_gongyingshang",
      "unicode": "ebd7",
      "unicode_decimal": 60375
    },
    {
      "icon_id": "20745272",
      "name": "菜单栏_工作量",
      "font_class": "caidanlan_gongzuoliang",
      "unicode": "ebd8",
      "unicode_decimal": 60376
    },
    {
      "icon_id": "20713201",
      "name": "菜单栏_批量打印",
      "font_class": "caidanlan_piliangdayin",
      "unicode": "e6f4",
      "unicode_decimal": 59124
    },
    {
      "icon_id": "20713203",
      "name": "菜单栏_检查调阅",
      "font_class": "caidanlan_jianchatiaoyue",
      "unicode": "e6f5",
      "unicode_decimal": 59125
    },
    {
      "icon_id": "20446411",
      "name": "菜单栏_费用结算",
      "font_class": "caidanlan_feiyongjiesuan",
      "unicode": "e6f1",
      "unicode_decimal": 59121
    },
    {
      "icon_id": "20446412",
      "name": "菜单栏_存储预警",
      "font_class": "caidanlan_cunchuyujing",
      "unicode": "e6f2",
      "unicode_decimal": 59122
    },
    {
      "icon_id": "20202092",
      "name": "菜单栏_运维用户",
      "font_class": "caidanlan_yunweiyonghu",
      "unicode": "e70ee",
      "unicode_decimal": 946414
    },
    {
      "icon_id": "19643957",
      "name": "冰冻制片",
      "font_class": "bingdongzhipian",
      "unicode": "e62b",
      "unicode_decimal": 58923
    },
    {
      "icon_id": "19643958",
      "name": "常规制片",
      "font_class": "changguizhipian",
      "unicode": "e62c",
      "unicode_decimal": 58924
    },
    {
      "icon_id": "19643959",
      "name": "细胞制片",
      "font_class": "xibaozhipian",
      "unicode": "e62d",
      "unicode_decimal": 58925
    },
    {
      "icon_id": "19643960",
      "name": "档案管理",
      "font_class": "danganguanli",
      "unicode": "e62e",
      "unicode_decimal": 58926
    },
    {
      "icon_id": "19643980",
      "name": "取材",
      "font_class": "qucai",
      "unicode": "e62f",
      "unicode_decimal": 58927
    },
    {
      "icon_id": "19640515",
      "name": "菜单栏_耗材管理",
      "font_class": "caidanlan_haocaiguanli",
      "unicode": "e6e44",
      "unicode_decimal": 945732
    },
    {
      "icon_id": "19494260",
      "name": "菜单栏_刑侦调阅",
      "font_class": "caidanlan_xingzhentiaoyue",
      "unicode": "e7011",
      "unicode_decimal": 946193
    },
    {
      "icon_id": "19271718",
      "name": "菜单栏_影像质控",
      "font_class": "caidanlan_yingxiangzhikong",
      "unicode": "e6fcc",
      "unicode_decimal": 946124
    },
    {
      "icon_id": "19271719",
      "name": "菜单栏_叫号系统",
      "font_class": "caidanlan_jiaohaoxitong",
      "unicode": "e6fdd",
      "unicode_decimal": 946141
    },
    {
      "icon_id": "19264188",
      "name": "菜单栏_质控统计",
      "font_class": "caidanlan_zhikongtongji",
      "unicode": "e6fbb",
      "unicode_decimal": 946107
    },
    {
      "icon_id": "19203499",
      "name": "检查执行",
      "font_class": "jianchazhihang",
      "unicode": "e6de1",
      "unicode_decimal": 945633
    },
    {
      "icon_id": "19152698",
      "name": "菜单_外部能力",
      "font_class": "caidan_waibunengli",
      "unicode": "e6f77",
      "unicode_decimal": 946039
    },
    {
      "icon_id": "19064875",
      "name": "菜单_智能诊断",
      "font_class": "caidan_zhinengzhenduan",
      "unicode": "e6f63",
      "unicode_decimal": 946019
    },
    {
      "icon_id": "18837261",
      "name": "采集服务",
      "font_class": "caijifuwu",
      "unicode": "e6dd",
      "unicode_decimal": 59101
    },
    {
      "icon_id": "18241522",
      "name": "菜单栏_共享调阅",
      "font_class": "caidanlan_gongxiangtiaoyue",
      "unicode": "e6d4",
      "unicode_decimal": 59092
    },
    {
      "icon_id": "18241523",
      "name": "菜单栏_信息补全",
      "font_class": "caidanlan_xinxibuquan",
      "unicode": "e6d5",
      "unicode_decimal": 59093
    },
    {
      "icon_id": "18241525",
      "name": "菜单栏_数据质量",
      "font_class": "caidanlan_shujuzhiliang",
      "unicode": "e6d7e",
      "unicode_decimal": 945534
    },
    {
      "icon_id": "18241526",
      "name": "菜单栏_采集质量",
      "font_class": "caidanlan_caijizhiliang",
      "unicode": "e6d8",
      "unicode_decimal": 59096
    },
    {
      "icon_id": "18250655",
      "name": "菜单栏_数据概览",
      "font_class": "caidanlan_shujugailan",
      "unicode": "e6d9",
      "unicode_decimal": 59097
    },
    {
      "icon_id": "17895705",
      "name": "病历收藏",
      "font_class": "binglishoucang1",
      "unicode": "e6c97",
      "unicode_decimal": 945303
    },
    {
      "icon_id": "16623270",
      "name": "检查预约",
      "font_class": "jianchayuyue",
      "unicode": "e6b5",
      "unicode_decimal": 59061
    },
    {
      "icon_id": "16465655",
      "name": "设备管理",
      "font_class": "shebeiguanli",
      "unicode": "e6ab",
      "unicode_decimal": 59051
    },
    {
      "icon_id": "16465353",
      "name": "菜单栏_采集策略",
      "font_class": "caidanlan_caijicelve",
      "unicode": "e6aa",
      "unicode_decimal": 59050
    },
    {
      "icon_id": "16464769",
      "name": "菜单栏_数据监管",
      "font_class": "caidanlan_shujujianguan",
      "unicode": "e6a99",
      "unicode_decimal": 944793
    },
    {
      "icon_id": "16464501",
      "name": "排班管理",
      "font_class": "paibanguanli",
      "unicode": "e6a88",
      "unicode_decimal": 944776
    },
    {
      "icon_id": "16463368",
      "name": "远程医疗",
      "font_class": "yuanchengyiliao",
      "unicode": "e6a66",
      "unicode_decimal": 944742
    },
    {
      "icon_id": "16426520",
      "name": "影像列表",
      "font_class": "yingxiangliebiao",
      "unicode": "e6a5",
      "unicode_decimal": 59045
    },
    {
      "icon_id": "16423637",
      "name": "影像存档",
      "font_class": "yingxiangcundang",
      "unicode": "e6a4e",
      "unicode_decimal": 944718
    },
    {
      "icon_id": "16368015",
      "name": "影像共享系统",
      "font_class": "yingxianggongxiangxitong",
      "unicode": "e69ef",
      "unicode_decimal": 944623
    },
    {
      "icon_id": "15792074",
      "name": "门户设置",
      "font_class": "menhushezhi",
      "unicode": "e679",
      "unicode_decimal": 59001
    },
    {
      "icon_id": "15487707",
      "name": "检查登记",
      "font_class": "jianchadengji",
      "unicode": "e665",
      "unicode_decimal": 58981
    },
    {
      "icon_id": "15698169",
      "name": "模板修改",
      "font_class": "mobanxiugai",
      "unicode": "e690",
      "unicode_decimal": 59024
    },
    {
      "icon_id": "15691538",
      "name": "采集配置",
      "font_class": "caijipeizhi",
      "unicode": "e68a",
      "unicode_decimal": 59018
    },
    {
      "icon_id": "15691540",
      "name": "数据管理",
      "font_class": "shujuguanli",
      "unicode": "e68c",
      "unicode_decimal": 59020
    },
    {
      "icon_id": "15691575",
      "name": "分享记录",
      "font_class": "fenxiangjilu",
      "unicode": "e68d",
      "unicode_decimal": 59021
    },
    {
      "icon_id": "15691576",
      "name": "任务管理_(1)",
      "font_class": "renwuguanli_1",
      "unicode": "e68e",
      "unicode_decimal": 59022
    },
    {
      "icon_id": "15691577",
      "name": "检查记录",
      "font_class": "jianchajilu",
      "unicode": "e68f",
      "unicode_decimal": 59023
    },
    {
      "icon_id": "14399819",
      "name": "菜单栏_分享审批",
      "font_class": "caidanlan_fenxiangshenpi",
      "unicode": "e652",
      "unicode_decimal": 58962
    },
    {
      "icon_id": "14399820",
      "name": "菜单栏_日志管理",
      "font_class": "caidanlan_rizhiguanli",
      "unicode": "e653",
      "unicode_decimal": 58963
    },
    {
      "icon_id": "14399821",
      "name": "菜单栏_服务保修",
      "font_class": "caidanlan_fuwubaoxiu",
      "unicode": "e654",
      "unicode_decimal": 58964
    },
    {
      "icon_id": "14399822",
      "name": "菜单栏_质量报告",
      "font_class": "caidanlan_zhiliangbaogao",
      "unicode": "e655",
      "unicode_decimal": 58965
    },
    {
      "icon_id": "14399823",
      "name": "菜单栏_归档记录",
      "font_class": "caidanlan_guidangjilu",
      "unicode": "e656",
      "unicode_decimal": 58966
    },
    {
      "icon_id": "14399824",
      "name": "菜单栏_访问授权",
      "font_class": "caidanlan_fangwenshouquan",
      "unicode": "e657",
      "unicode_decimal": 58967
    },
    {
      "icon_id": "14399825",
      "name": "菜单栏_参数设置",
      "font_class": "caidanlan_canshushezhi",
      "unicode": "e659",
      "unicode_decimal": 58969
    },
    {
      "icon_id": "14399828",
      "name": "菜单栏_数据交换",
      "font_class": "caidanlan_shujujiaohuan",
      "unicode": "e65d",
      "unicode_decimal": 58973
    },
    {
      "icon_id": "14399829",
      "name": "菜单栏_机构选择",
      "font_class": "caidanlan_jigouxuanze",
      "unicode": "e65f",
      "unicode_decimal": 58975
    },
    {
      "icon_id": "15103480",
      "name": "列表模式",
      "font_class": "liebiaomoshi",
      "unicode": "e689",
      "unicode_decimal": 59017
    },
    {
      "icon_id": "15103272",
      "name": "影像校对",
      "font_class": "yingxiangxiaodui",
      "unicode": "e686",
      "unicode_decimal": 59014
    },
    {
      "icon_id": "15266978",
      "name": "用户评价",
      "font_class": "yonghupingjia",
      "unicode": "e676",
      "unicode_decimal": 58998
    },
    {
      "icon_id": "15266981",
      "name": "合作签约",
      "font_class": "hezuoqianyue",
      "unicode": "e677",
      "unicode_decimal": 58999
    },
    {
      "icon_id": "15280750",
      "name": "统计",
      "font_class": "icon_one",
      "unicode": "e678",
      "unicode_decimal": 59000
    },
    {
      "icon_id": "15691098",
      "name": "PACS系统",
      "font_class": "PACSxitong",
      "unicode": "e6747",
      "unicode_decimal": 943943
    },
    {
      "icon_id": "15691099",
      "name": "数据存储",
      "font_class": "shujucunchu",
      "unicode": "e6750",
      "unicode_decimal": 943952
    },
    {
      "icon_id": "14260488",
      "name": "系统运维",
      "font_class": "xitongyunwei",
      "unicode": "e621",
      "unicode_decimal": 58913
    },
    {
      "icon_id": "14865766",
      "name": "科室管理",
      "font_class": "keshiguanli",
      "unicode": "e65c",
      "unicode_decimal": 58972
    },
    {
      "icon_id": "14937220",
      "name": "医疗机构",
      "font_class": "yiliaojigou",
      "unicode": "e65e",
      "unicode_decimal": 58974
    },
    {
      "icon_id": "15266977",
      "name": "平台设置",
      "font_class": "pingtaishezhi",
      "unicode": "e672",
      "unicode_decimal": 58994
    },
    {
      "icon_id": "15691001",
      "name": "系统设置",
      "font_class": "xitongshezhi",
      "unicode": "e66f",
      "unicode_decimal": 58991
    },
    {
      "icon_id": "15691003",
      "name": "用户管理",
      "font_class": "yonghuguanli",
      "unicode": "e6713",
      "unicode_decimal": 943891
    },
    {
      "icon_id": "14260490",
      "name": "客户管理",
      "font_class": "kehuguanli",
      "unicode": "e622",
      "unicode_decimal": 58914
    },
    {
      "icon_id": "15690638",
      "name": "远程教育",
      "font_class": "yuanchengjiaoyu",
      "unicode": "e66d",
      "unicode_decimal": 58989
    },
    {
      "icon_id": "15690607",
      "name": "影像管理",
      "font_class": "yingxiangguanli",
      "unicode": "e669",
      "unicode_decimal": 58985
    },
    {
      "icon_id": "15690205",
      "name": "双向转诊",
      "font_class": "shuangxiangzhuanzhen",
      "unicode": "e667",
      "unicode_decimal": 58983
    },
    {
      "icon_id": "15690206",
      "name": "远程会诊",
      "font_class": "yuanchenghuizhen",
      "unicode": "e668",
      "unicode_decimal": 58984
    },
    {
      "icon_id": "15690208",
      "name": "远程门诊",
      "font_class": "yuanchengmenzhen",
      "unicode": "e66a",
      "unicode_decimal": 58986
    },
    {
      "icon_id": "15690209",
      "name": "视频会议",
      "font_class": "shipinhuiyi",
      "unicode": "e66b",
      "unicode_decimal": 58987
    },
    {
      "icon_id": "15690210",
      "name": "远程诊断",
      "font_class": "yuanchengzhenduan",
      "unicode": "e66c",
      "unicode_decimal": 58988
    },
    {
      "icon_id": "15689842",
      "name": "病例收藏",
      "font_class": "binglishoucang",
      "unicode": "e6600",
      "unicode_decimal": 943616
    },
    {
      "icon_id": "15689843",
      "name": "首页概览",
      "font_class": "shouyegailan",
      "unicode": "e661",
      "unicode_decimal": 58977
    },
    {
      "icon_id": "15689844",
      "name": "综合查询",
      "font_class": "zonghechaxun",
      "unicode": "e6622",
      "unicode_decimal": 943650
    },
    {
      "icon_id": "15689845",
      "name": "权限配置",
      "font_class": "quanxianpeizhi",
      "unicode": "e663",
      "unicode_decimal": 58979
    },
    {
      "icon_id": "15689848",
      "name": "检查报告",
      "font_class": "jianchabaogao",
      "unicode": "e666",
      "unicode_decimal": 58982
    }
  ]
}
